ip,name,country_id,city,version,error,dnssec,reliability,checked_at,created_at
8.8.8.8,google-public-dns-a.google.com.,US,,,,true,1.00,2017-11-26T17:19:29Z,2009-12-04T10:01:47Z
194.150.168.168,dns.as250.net.,DE,,,,true,1.00,2017-11-26T17:19:30Z,2009-05-13T01:05:07Z
213.73.91.35,dnscache.berlin.ccc.de.,DE,Berlin,42,,false,1.00,2017-11-26T17:19:30Z,2009-05-13T01:05:07Z
205.171.3.65,resolver1.qwest.net.,US,,,,false,1.00,2017-11-26T17:19:30Z,2009-05-13T09:28:10Z
212.82.225.7,resolver0.de.clara.net.,DE,,,,false,1.00,2017-11-26T17:19:41Z,2009-05-13T13:12:56Z
212.82.226.212,resolver1.de.clara.net.,DE,,ClaraDNS 3.14159265/ixf-nscn1,,false,0.76,2017-11-26T17:19:32Z,2009-05-13T13:12:56Z
216.106.184.6,rs2.ststelecom.com.,US,,none,,false,1.00,2017-11-26T17:19:30Z,2009-05-15T12:49:23Z
208.116.30.21,ns1.fbyne.com.,US,Secaucus,,i/o timeout,,0.24,2017-11-26T17:19:38Z,2009-05-15T12:49:26Z
208.79.56.204,dns2.295.ca.,CA,Cambridge,Go Away,,false,1.00,2017-11-26T17:19:30Z,2009-05-15T12:50:00Z
66.163.0.173,66-163-0-173.ip.tor.radiant.net.,CA,,9.7.0-P2-RedHat-9.7.0-21.P2.el5_11.10,,false,0.97,2017-11-26T17:19:30Z,2009-05-15T12:50:22Z
64.187.29.134,h64-187-29-134.gtcust.grouptelecom.net.,CA,,,,false,1.00,2017-11-26T17:19:33Z,2009-05-15T12:50:28Z
66.163.0.161,66-163-0-161.ip.tor.radiant.net.,CA,,9.7.0-P2-RedHat-9.7.0-21.P2.el5_11.10,,false,0.97,2017-11-26T17:19:30Z,2009-05-15T12:50:29Z
216.254.141.2,tor-dns-recursive.primus.ca.,CA,Saint-Francois-de-l'Ile-d'Orleans,Unknown,,true,1.00,2017-11-26T17:19:30Z,2009-05-15T12:50:31Z
137.82.1.1,hub.ubc.ca.,CA,Vancouver,none,,false,1.00,2017-11-26T17:19:30Z,2009-05-15T12:50:33Z
194.25.0.68,resolv-F.DTAG.DE.,DE,,DomainNameServer,,true,1.00,2017-11-26T17:19:29Z,2009-05-15T12:50:51Z
202.14.67.14,ns2.pacific.net.hk.,HK,,,,false,1.00,2017-11-26T17:19:31Z,2009-05-15T12:50:54Z
202.136.162.11,dns01.ntts-idc.net.sg.,SG,Singapore,none,,false,0.97,2017-11-26T17:19:31Z,2009-05-15T12:52:29Z
212.118.241.1,ns1.lon.pnap.net.,GB,,,,false,1.00,2017-11-26T17:19:29Z,2009-05-15T12:52:43Z
195.12.4.247,res08.opal-solutions.com.,GB,,Unknown,,false,0.69,2017-11-26T17:19:29Z,2009-05-15T12:52:44Z
158.43.128.72,cache0000.ns.eu.uu.net.,GB,,,,true,1.00,2017-11-26T17:19:29Z,2009-05-15T12:52:45Z
212.118.241.33,ns2.lon.pnap.net.,GB,,,,false,1.00,2017-11-26T17:19:29Z,2009-05-15T12:52:49Z
195.166.13.4,dns0.ns.uk.quza.net.,GB,,9.6.1-P1,,false,0.90,2017-11-26T17:19:30Z,2009-05-15T12:52:49Z
158.43.240.4,cache0004.ns.eu.uu.net.,GB,,,,true,1.00,2017-11-26T17:19:29Z,2009-05-15T12:52:50Z
66.203.66.203,ns.axsne.net.,US,Marlborough,,,false,1.00,2017-11-26T17:19:30Z,2009-05-15T12:53:05Z
216.52.254.1,ns1.lax.pnap.net.,US,,,,false,1.00,2017-11-26T17:19:30Z,2009-05-15T12:53:27Z
69.54.70.15,slimer.isphone.net.,US,Traverse City,9.8.2rc1-RedHat-9.8.2-0.37.rc1.el6_7.7,,true,0.93,2017-11-26T17:19:30Z,2009-05-15T12:53:29Z
64.94.1.1,ns1.acs.pnap.net.,US,Riverdale,,,false,1.00,2017-11-26T17:19:30Z,2009-05-15T12:53:32Z
63.251.161.1,ns1.sef.pnap.net.,US,,,,false,1.00,2017-11-26T17:19:30Z,2009-05-15T12:53:33Z
69.60.160.203,edelta2.dadns.america.net.,US,Alpharetta,9.10.2-P3,,false,1.00,2017-11-26T17:19:30Z,2009-05-15T12:53:43Z
208.78.24.238,dns1.nyc.dns-roots.net.,US,The Bronx,DNSROOTS,,false,1.00,2017-11-26T17:19:30Z,2009-05-15T12:54:08Z
216.93.191.228,cache01.ns.witopia.net.,US,Jersey City,9.10.2-P3,,false,0.86,2017-11-26T17:19:30Z,2009-05-15T12:54:11Z
8.5.244.5,dns01.sjc01.acndigital.net.,US,,9.8.2rc1-RedHat-9.8.2-0.10.rc1.el6,,false,0.97,2017-11-26T17:19:31Z,2009-05-15T12:54:12Z
216.52.254.33,ns2.lax.pnap.net.,US,,,,false,1.00,2017-11-26T17:19:30Z,2009-05-15T12:54:22Z
206.253.194.97,ns2.pnap.net.,US,New York,,,false,0.97,2017-11-26T17:19:30Z,2009-05-15T12:54:29Z
129.7.1.1,ns1.uh.edu.,US,Houston,,,false,1.00,2017-11-26T17:19:30Z,2009-05-15T12:54:34Z
64.94.33.33,ns2.chg.pnap.net.,US,Chicago,,,false,1.00,2017-11-26T17:19:30Z,2009-05-15T12:54:53Z
64.94.33.1,ns1.chg.pnap.net.,US,Chicago,,,false,1.00,2017-11-26T17:19:30Z,2009-05-15T12:55:44Z
4.2.2.1,a.resolvers.level3.net.,US,,Version: recursive-main/20717463,,false,1.00,2017-11-26T17:19:29Z,2009-05-17T23:33:01Z
4.2.2.2,b.resolvers.Level3.net.,US,,Version: recursive-main/20717463,,false,1.00,2017-11-26T17:19:29Z,2009-05-17T23:33:01Z
4.2.2.3,c.resolvers.level3.net.,US,,Version: recursive-main/20717463,,false,1.00,2017-11-26T17:19:29Z,2009-05-17T23:33:01Z
4.2.2.4,d.resolvers.level3.net.,US,,Version: recursive-main/20717463,,false,1.00,2017-11-26T17:19:30Z,2009-05-17T23:33:01Z
4.2.2.5,e.resolvers.level3.net.,US,,Version: recursive-main/20717463,,false,1.00,2017-11-26T17:19:29Z,2009-05-17T23:33:02Z
4.2.2.6,f.resolvers.level3.net.,US,,Version: recursive-main/20717463,,false,1.00,2017-11-26T17:19:29Z,2009-05-17T23:33:02Z
199.2.252.10,ns2.sprintlink.net.,US,Herndon,,,true,1.00,2017-11-26T17:19:30Z,2009-05-17T23:33:05Z
204.97.212.10,ns3.sprintlink.net.,US,,,,true,1.00,2017-11-26T17:19:30Z,2009-05-17T23:33:05Z
204.117.214.10,ns1.sprintlink.net.,US,,,,true,1.00,2017-11-26T17:19:30Z,2009-05-17T23:33:05Z
206.124.64.1,bigguy.gte.net.,US,,,,false,1.00,2017-11-26T17:19:30Z,2009-05-17T23:59:06Z
141.1.1.1,cns1.cw.net.,DE,,Version: recursive-main/16245405,,false,1.00,2017-11-26T17:19:29Z,2009-05-25T10:50:35Z
213.239.204.35,mail.lkrauss.de.,DE,Nuremberg,9.9.7-P2,,false,1.00,2017-11-26T17:19:29Z,2009-05-27T18:58:53Z
62.134.11.4,dns-muc.de.ignite.net.,,,,,false,0.90,2017-11-26T17:19:30Z,2009-08-07T20:40:40Z
195.182.110.132,dns-fra.de.ignite.net.,DE,,,,false,0.62,2017-11-26T17:19:30Z,2009-08-07T20:40:40Z
194.25.0.52,resolv-L.DTAG.DE.,DE,,DomainNameServer,,true,1.00,2017-11-26T17:19:30Z,2009-08-07T20:40:41Z
212.211.132.4,ns2.scan-plus.de.,DE,,SPXS DNS SERVICES,,false,1.00,2017-11-26T17:19:30Z,2009-08-07T20:44:24Z
145.253.2.6,,DE,,,,false,1.00,2017-11-26T17:19:29Z,2009-08-07T20:44:35Z
213.68.194.51,,DE,,PepsiCola5,,false,1.00,2017-11-26T17:19:30Z,2009-08-07T20:44:36Z
195.243.214.4,,DE,,CocaCola23,,false,0.97,2017-11-26T17:19:30Z,2009-08-07T20:45:35Z
141.1.27.249,euro-cns1.cw.net.,DE,,Version: recursive-main/16245405,,false,1.00,2017-11-26T17:19:30Z,2009-08-07T20:45:36Z
80.237.197.14,dns03.che.dt-internet.de.,DE,Hoest,hi,,false,1.00,2017-11-26T17:19:29Z,2009-08-07T20:45:36Z
145.253.2.7,,DE,,,,false,1.00,2017-11-26T17:19:30Z,2009-08-07T20:46:49Z
217.28.98.62,ns.leitwerk.net.,DE,Appenweier,9.9.5-9+deb8u11-Debian,,false,1.00,2017-11-26T17:19:29Z,2009-08-07T20:46:56Z
82.96.64.2,bandit.probe-networks.de.,DE,Merzig,Make my day,,false,1.00,2017-11-26T17:19:29Z,2009-08-07T20:48:25Z
82.96.65.2,trance.probe-networks.de.,DE,Merzig,Make my day,,false,1.00,2017-11-26T17:19:29Z,2009-08-07T20:48:27Z
212.66.0.1,resolver4.de.clara.net.,DE,Dresden,,,false,0.90,2017-11-26T17:19:38Z,2009-08-07T20:48:28Z
212.66.1.1,resolver3.de.clara.net.,DE,Dresden,,i/o timeout,,0.93,2017-11-26T17:19:38Z,2009-08-07T20:54:05Z
195.170.97.254,,DE,Berlin,ClaraDNS 3.14159265/ixf-nscn1,,false,0.69,2017-11-26T17:19:38Z,2009-08-07T20:54:11Z
195.170.96.2,resolver6.de.clara.net.,DE,Berlin,ClaraDNS 3.14159265/ixf-nscn1,,false,0.86,2017-11-26T17:19:41Z,2009-08-07T20:54:11Z
194.25.0.60,resolv-H.DTAG.DE.,DE,,DomainNameServer,,true,1.00,2017-11-26T17:19:30Z,2009-08-07T20:54:19Z
212.9.160.1,ns2.LF.net.,DE,,9.8.4-rpz2+rl005.12-P1,,false,1.00,2017-11-26T17:19:30Z,2009-08-07T20:54:24Z
193.101.111.10,cache0702.ns.eu.uu.net.,DE,,,,true,1.00,2017-11-26T17:19:30Z,2009-08-07T20:54:24Z
193.101.111.20,cache0703.ns.eu.uu.net.,DE,,,,true,1.00,2017-11-26T17:19:30Z,2009-08-07T20:54:24Z
192.76.144.66,cache0701.ns.eu.uu.net.,DE,,,,true,1.00,2017-11-26T17:19:30Z,2009-08-07T20:54:25Z
131.155.140.130,zen.stack.nl.,NL,Eindhoven,9.10.4,REFUSED for example.com,,0.00,2017-11-26T17:19:29Z,2009-08-07T21:06:32Z
195.186.1.111,dns2.bluewin.ch.,CH,,,,false,1.00,2017-11-26T17:19:30Z,2009-08-07T21:17:17Z
216.237.221.42,dns3.nstel.com.,US,Greensboro,TGIF,,true,1.00,2017-11-26T17:19:31Z,2009-08-07T21:17:34Z
209.191.129.1,ns1.nyc.pnap.net.,US,Seattle,,,false,1.00,2017-11-26T17:19:30Z,2009-08-07T21:17:40Z
216.185.192.1,ns1.bhi.com.,US,Eden Prairie,,,false,1.00,2017-11-26T17:19:31Z,2009-08-07T21:17:44Z
200.95.144.3,cva1.cableonline.com.mx.,MX,,9.8.1-P1,,false,1.00,2017-11-26T17:19:31Z,2009-08-07T21:17:45Z
195.186.4.111,dns4.bluewin.ch.,CH,,,,false,1.00,2017-11-26T17:19:30Z,2009-08-07T21:17:50Z
195.186.4.110,dns3.bluewin.ch.,CH,,,,false,1.00,2017-11-26T17:19:30Z,2009-08-07T21:17:52Z
165.166.8.54,ns0.spirittelecom.com.,US,Columbia,Not Available,,false,1.00,2017-11-26T17:19:30Z,2009-08-07T21:17:53Z
200.95.144.4,cva2.cableonline.com.mx.,MX,,9.8.1-P1,,false,0.97,2017-11-26T17:19:31Z,2009-08-07T21:18:00Z
165.21.100.88,dnscache2.singnet.com.sg.,SG,Singapore,,i/o timeout,,0.00,2017-11-26T17:19:39Z,2009-08-07T21:18:02Z
64.212.106.84,dns1.jfk.gblx.net.,US,New York,Version: recursive-main/20717463,,false,1.00,2017-11-26T17:19:30Z,2009-08-07T21:18:14Z
216.52.65.33,ns2.phi.pnap.net.,US,,,,false,1.00,2017-11-26T17:19:31Z,2009-08-07T21:18:15Z
63.251.62.1,ns1.sfo.pnap.net.,US,,,,false,1.00,2017-11-26T17:19:31Z,2009-08-07T21:18:38Z
165.21.83.88,dnscache1.singnet.com.sg.,SG,Singapore,,i/o timeout,,0.00,2017-11-26T17:19:39Z,2009-08-07T21:19:07Z
203.89.226.24,rbs1.globalcenter.net.au.,AU,Noble Park,,,false,1.00,2017-11-26T17:19:33Z,2009-08-07T22:47:51Z
203.89.226.26,mdbs2.globalcenter.net.au.,AU,Noble Park,,,false,1.00,2017-11-26T17:19:33Z,2009-08-07T22:48:08Z
62.149.132.2,dns2.technorail.com.,IT,Arezzo,contact Aruba.it,,false,1.00,2017-11-26T17:19:30Z,2009-08-07T22:49:04Z
202.14.67.4,ns1.pacific.net.hk.,HK,,,,false,1.00,2017-11-26T17:19:31Z,2009-08-07T22:49:06Z
63.251.129.1,ns1.bsn.pnap.net.,US,,,,false,1.00,2017-11-26T17:19:31Z,2009-08-07T22:49:14Z
216.52.129.1,ns1.chi.pnap.net.,US,,,,false,1.00,2017-11-26T17:19:31Z,2009-08-07T22:49:28Z
63.251.161.33,ns2.sef.pnap.net.,US,,,,false,1.00,2017-11-26T17:19:31Z,2009-08-07T22:49:34Z
216.147.131.33,ns1.globalsat.net.,US,Bowie,9.3.6-P1-RedHat-9.3.6-25.P1.el5_11.2,,false,0.76,2017-11-26T17:19:43Z,2009-08-07T22:50:36Z
63.251.129.33,ns2.bsn.pnap.net.,US,,,,false,1.00,2017-11-26T17:19:30Z,2009-08-08T21:47:18Z
216.52.94.1,ns1.nym.pnap.net.,US,Hollis,,,false,1.00,2017-11-26T17:19:30Z,2009-08-08T21:48:27Z
193.95.93.77,dns1.planettunisie.com.,TN,,,i/o timeout,,0.59,2017-11-26T17:19:39Z,2009-08-08T21:48:31Z
64.135.1.20,dns1.host.net.,US,Boca Raton,9.9.4-P2-RedHat-9.9.4-17.P2.fc20,,true,0.93,2017-11-26T17:19:31Z,2009-08-08T21:48:37Z
91.144.248.227,ns3.wwi.as.,DK,,PowerDNS Authoritative Server 3.4.11 (jenkins@autotest.powerdns.com built 20170116223245 mockbuild@buildhw-05.phx2.fedoraproject.org),,false,1.00,2017-11-26T17:19:30Z,2009-08-08T21:48:52Z
129.250.35.251,y.ns.gin.ntt.net.,US,Garland,9.8.2rc1-RedHat-9.8.2-0.62.rc1.el6_9.4,,false,1.00,2017-11-26T17:19:30Z,2009-08-08T21:49:16Z
209.244.0.4,resolver2.level3.net.,US,,Version: recursive-main/20717463,,false,1.00,2017-11-26T17:19:30Z,2009-08-08T21:49:18Z
209.130.139.2,dns2.roc.gblx.net.,US,New York,Version: recursive-main/20717463,,false,1.00,2017-11-26T17:19:30Z,2009-08-08T21:49:19Z
216.194.28.33,ns1.metconnect.net.,US,New York,9.5.1-P3,SERVFAIL for verisignlabs.com,,0.79,2017-11-26T17:19:31Z,2009-08-08T21:49:51Z
209.244.0.3,resolver1.level3.net.,US,,Version: recursive-main/20717463,,false,1.00,2017-11-26T17:19:30Z,2009-08-08T21:49:52Z
62.8.96.38,res04.opal-solutions.com.,GB,,Unknown,SERVFAIL for verisignlabs.com,,0.86,2017-11-26T17:19:30Z,2009-08-08T21:49:54Z
209.191.129.65,ns2.nyc.pnap.net.,US,Seattle,,,false,1.00,2017-11-26T17:19:31Z,2009-08-08T21:49:56Z
207.69.188.189,rns2.mcihispeed.net.,US,,,,false,1.00,2017-11-26T17:19:34Z,2009-08-08T21:49:56Z
207.69.188.184,rns0.earthlink.net.,US,,,,false,1.00,2017-11-26T17:19:35Z,2009-08-09T00:06:29Z
8.15.12.5,dns01.iad01.acndigital.net.,US,,9.8.2rc1-RedHat-9.8.2-0.10.rc1.el6,,false,0.93,2017-11-26T17:19:31Z,2009-08-09T00:07:24Z
216.52.129.33,ns2.chi.pnap.net.,US,,,,false,1.00,2017-11-26T17:19:31Z,2009-08-09T00:07:36Z
207.69.188.188,rns1.mcihispeed.net.,US,,,,false,1.00,2017-11-26T17:19:34Z,2009-08-09T00:07:39Z
62.149.128.2,dns.technorail.com.,IT,Arezzo,contact Aruba.it,,false,1.00,2017-11-26T17:19:31Z,2009-08-09T00:08:22Z
206.253.194.65,ns1.pnap.net.,US,New York,,,false,1.00,2017-11-26T17:19:31Z,2009-08-09T00:08:42Z
66.112.235.200,ns4.apogeenet.net.,US,Austin,,i/o timeout,,0.00,2017-11-26T17:19:39Z,2009-08-09T00:08:44Z
194.98.65.65,cache0300.ns.eu.uu.net.,FR,Toulouse,,,true,1.00,2017-11-26T17:19:30Z,2009-08-09T00:09:33Z
121.52.206.130,ns2.asiasoftsea.com.,SG,,9.5.2-RedHat-9.5.2-1.fc10,,false,0.97,2017-11-26T17:19:34Z,2009-08-09T00:09:50Z
62.233.128.17,szafir.futuro.pl.,PL,Warsaw,9.6.1-P1,,false,0.97,2017-11-26T17:19:31Z,2009-08-09T00:09:53Z
129.250.35.250,x.ns.gin.ntt.net.,US,Garland,9.8.2rc1-RedHat-9.8.2-0.62.rc1.el6_9.4,,false,1.00,2017-11-26T17:19:31Z,2009-08-09T00:09:53Z
64.212.106.85,dns2.jfk.gblx.net.,US,New York,Version: recursive-main/20717463,,false,1.00,2017-11-26T17:19:30Z,2009-08-09T00:10:02Z
217.18.206.12,ns1.eonisp.net.,NO,,,,false,1.00,2017-11-26T17:19:34Z,2009-08-09T00:11:18Z
216.52.65.1,ns1.phi.pnap.net.,US,,,,false,1.00,2017-11-26T17:19:31Z,2009-08-09T00:11:18Z
63.251.62.33,ns2.sfo.pnap.net.,US,,,,false,1.00,2017-11-26T17:19:31Z,2009-08-09T21:00:41Z
216.185.192.2,ns2.bhi.com.,US,Eden Prairie,,,false,1.00,2017-11-26T17:19:32Z,2009-08-09T21:00:43Z
129.7.1.6,ns2.uh.edu.,US,Houston,,,false,1.00,2017-11-26T17:19:31Z,2009-08-09T21:01:35Z
217.18.206.22,ns2.eonisp.net.,NO,,,,false,1.00,2017-11-26T17:19:34Z,2009-08-09T21:01:36Z
209.143.0.10,primary.dns.bright.net.,US,Defiance,9.11.1,,false,1.00,2017-11-26T17:19:31Z,2009-08-09T21:02:54Z
202.130.97.66,dns2.ibn-ipv6.info.,HK,Central District,[SECURED],,false,1.00,2017-11-26T17:19:33Z,2009-08-09T21:03:37Z
212.36.64.16,dns1.adam.es.,ES,Barcelona,9.10.2-P4,,false,0.97,2017-11-26T17:19:31Z,2009-08-09T21:04:07Z
168.95.192.1,hntp1.hinet.net.,TW,,,,false,1.00,2017-11-26T17:19:33Z,2009-08-09T21:04:12Z
193.22.119.195,srv-ad-01.voztelecom.net.,ES,,[Secured],,false,1.00,2017-11-26T17:19:31Z,2009-08-09T21:04:41Z
62.20.57.226,ns.onoff.se.,SE,Gnesta,9.3.4-P1,,false,0.93,2017-11-26T17:19:31Z,2009-08-09T22:56:56Z
80.244.198.5,host-198-5.wetternet.net.,SE,Habo,9.8.4-rpz2+rl005.12-P1,,false,1.00,2017-11-26T17:19:31Z,2009-08-09T22:57:26Z
194.1.154.37,gw.celab.se.,SE,,Served by PowerDNS - http://www.powerdns.com,,false,1.00,2017-11-26T17:19:31Z,2009-08-09T22:57:38Z
8.8.4.4,google-public-dns-b.google.com.,US,,,,true,1.00,2017-11-26T17:19:30Z,2009-12-04T10:01:47Z
217.69.169.25,dns.sectoor.de.,DE,,,,true,1.00,2017-11-26T17:19:31Z,2009-12-28T19:08:18Z
85.88.19.10,,DE,,PowerDNS Recursor 3.5.3 $Id$,,false,1.00,2017-11-26T17:19:31Z,2010-01-18T10:38:05Z
85.88.19.11,dnscache01.rohwerder-isp.de.,DE,,PowerDNS Recursor 3.5.3 $Id$,,false,1.00,2017-11-26T17:19:31Z,2010-01-18T10:38:05Z
195.186.1.110,dns1.bluewin.ch.,CH,,,,false,1.00,2017-11-26T17:19:31Z,2010-04-03T19:07:49Z
213.33.99.70,res1.a1.net.,AT,,,,false,1.00,2017-11-26T17:19:31Z,2010-04-13T17:30:32Z
80.120.17.70,res2.a1.net.,AT,,,,false,1.00,2017-11-26T17:19:31Z,2010-04-13T17:31:01Z
82.216.111.122,res2.tech.numericable.fr.,FR,Paris,,,false,1.00,2017-11-26T17:19:32Z,2010-07-29T16:29:20Z
194.2.0.50,ns-cache1.oleane.net.,FR,Paris,,,false,1.00,2017-11-26T17:19:34Z,2010-07-29T16:29:25Z
203.112.2.4,ns01.miinet.jp.,JP,Tokyo,,,false,1.00,2017-11-26T17:19:33Z,2010-07-30T09:55:45Z
66.28.0.45,res1.dns.cogentco.com.,US,,blue,,false,1.00,2017-11-26T17:19:31Z,2010-07-31T13:53:26Z
66.28.0.61,res2.dns.cogentco.com.,US,,blue,,false,1.00,2017-11-26T17:19:31Z,2010-07-31T13:53:31Z
200.221.11.100,brahms.uol.com.br.,BR,,,,true,1.00,2017-11-26T17:19:34Z,2010-07-31T19:25:10Z
74.82.42.42,ordns.he.net.,US,Fremont,PowerDNS Recursor 4.0.6 (built Jul  4 2017 15:43:52 by root@5ee67e1ed1a4),,false,1.00,2017-11-26T17:19:31Z,2010-08-05T03:13:35Z
216.66.80.30,tserv1.fra1.he.net.,US,Fremont,PowerDNS Recursor 4.0.0-alpha2,,false,1.00,2017-11-26T17:19:31Z,2010-09-03T22:12:02Z
80.67.169.12,ns0.fdn.fr.,FR,,9.8.4-rpz2+rl005.12-P1,,false,1.00,2017-11-26T17:19:31Z,2010-12-14T14:46:47Z
80.67.169.40,ns1.fdn.org.,FR,,unbound 1.4.22,,true,1.00,2017-11-26T17:19:31Z,2010-12-14T14:46:52Z
195.214.240.136,ns2.waycom.net.,FR,Suresnes,foo,,false,1.00,2017-11-26T17:19:31Z,2010-12-14T17:08:53Z
206.165.6.12,dns2.phx.gblx.net.,US,Phoenix,Version: recursive-main/20717463,,false,1.00,2017-11-26T17:19:31Z,2010-12-23T23:45:38Z
209.130.136.2,dns1.ROC.gblx.net.,US,New York,Version: recursive-main/20717463,,false,1.00,2017-11-26T17:19:31Z,2010-12-23T23:45:44Z
67.17.215.133,dns2.snv.gblx.net.,US,Edison,Version: recursive-main/20717463,,false,0.93,2017-11-26T17:19:31Z,2010-12-23T23:45:54Z
67.17.215.132,dns1.snv.gblx.net.,US,Edison,Version: recursive-main/20717463,,false,1.00,2017-11-26T17:19:31Z,2010-12-23T23:46:04Z
212.112.39.22,212-112-39-22.lidnet.net.,SE,Enkoeping,,i/o timeout,,0.72,2017-11-26T17:19:44Z,2010-12-25T17:14:39Z
212.112.39.25,212-112-39-25.lidnet.net.,SE,Enkoeping,,,false,0.72,2017-11-26T17:19:51Z,2010-12-25T17:14:44Z
212.214.229.170,static-212.214.229.170.addr.tdcsong.se.,SE,Halmstad,1.2.7,,false,0.93,2017-11-26T17:19:32Z,2010-12-25T17:20:23Z
213.115.244.69,mail.motorum.se.,SE,Borensberg,,i/o timeout,,0.52,2017-11-26T17:19:40Z,2010-12-25T17:27:37Z
81.8.209.70,,SE,Vindeln,9.7.3,,false,1.00,2017-11-26T17:19:32Z,2010-12-25T19:45:10Z
62.20.15.234,62-20-15-234.customer.telia.com.,SE,,,i/o timeout,,0.79,2017-11-26T17:19:41Z,2010-12-25T22:59:54Z
193.26.6.130,ns.punkten.com.,SE,,unknown,,false,1.00,2017-11-26T17:19:32Z,2010-12-26T00:01:25Z
194.71.109.237,ns.as31432.net.,SE,Stockholm,9.10.3-P3,,false,1.00,2017-11-26T17:19:31Z,2010-12-26T00:15:41Z
194.71.109.238,ns2.as31432.net.,SE,Stockholm,9.10.3-P3,,false,1.00,2017-11-26T17:19:31Z,2010-12-26T00:15:47Z
195.149.138.3,,SE,,9.4.3-P1,,false,0.86,2017-11-26T17:19:33Z,2010-12-26T00:22:21Z
195.84.194.3,195-84-194-3-static.se.customer.tdc.net.,SE,,,,false,1.00,2017-11-26T17:19:32Z,2010-12-26T19:08:32Z
89.160.63.190,ns1.wehost.se.,SE,Landskrona,9.3.6-P1-RedHat-9.3.6-4.P1.el5_4.2,,false,0.93,2017-11-26T17:19:32Z,2010-12-26T19:32:16Z
89.233.250.137,89-233-250-137.cust.bredband2.com.,SE,Stensele,,,false,0.93,2017-11-26T17:19:39Z,2010-12-26T19:32:42Z
212.97.32.2,dns1.kpnqwest.it.,IT,,PowerDNS Recursor 4.0.6 (built Jul  4 2017 15:48:19 by buildbot@d33efdd4994f),,false,1.00,2017-11-26T17:19:32Z,2011-01-04T08:22:58Z
194.98.65.165,cache0101.ns.eu.uu.net.,FR,Toulouse,,,true,1.00,2017-11-26T17:19:32Z,2011-01-11T01:49:12Z
195.129.12.114,cache0600.ns.eu.uu.net.,,,,,true,1.00,2017-11-26T17:19:31Z,2011-01-11T01:49:27Z
195.129.12.83,cache0206.ns.eu.uu.net.,,,,,true,0.97,2017-11-26T17:19:32Z,2011-01-11T01:49:38Z
203.2.193.67,cache350.ns.uu.net.,AU,,,,false,0.83,2017-11-26T17:19:35Z,2011-01-11T01:51:15Z
210.80.58.66,cache300.ns.uu.net.,SG,,,,false,1.00,2017-11-26T17:19:35Z,2011-01-11T01:51:37Z
210.80.58.67,cache301.ns.uu.net.,SG,,,,true,1.00,2017-11-26T17:19:35Z,2011-01-11T01:51:47Z
69.28.136.102,cachedns.phx1.llnw.net.,US,Tempe,9.9.8-P3,,false,0.97,2017-11-26T17:19:32Z,2011-01-11T01:54:44Z
88.151.176.11,,KZ,,DNS Server,,false,1.00,2017-11-26T17:19:33Z,2011-01-12T01:08:45Z
165.87.201.244,nscache07.us.prserv.net.,US,Middletown,,,false,1.00,2017-11-26T17:19:32Z,2011-01-19T01:15:20Z
168.215.210.50,ns1.orng.twtelecom.net.,US,Huntington Beach,,,false,1.00,2017-11-26T17:19:32Z,2011-01-19T01:25:17Z
212.94.34.34,dns-rk.zugernet.ch.,CH,Baar,9.9.5-9+deb8u14-Debian,,true,0.86,2017-11-26T17:19:32Z,2011-01-19T01:37:58Z
216.17.128.1,ns1.frii.com.,US,Black Hawk,undisclosed,,false,1.00,2017-11-26T17:19:33Z,2011-01-19T01:54:12Z
193.169.32.1,ns.ll-h.ru.,RU,Khimki,9.8.1-P1,REFUSED for example.com,,0.31,2017-11-26T17:19:31Z,2011-01-21T00:39:56Z
193.254.232.1,relay.so.net.ua.,UA,,9.6.1-P1,,false,0.97,2017-11-26T17:19:33Z,2011-01-21T00:57:29Z
193.33.114.2,ns01.anexia.at.,AT,Klagenfurt,"yes, it is BIND",REFUSED for example.com,,0.62,2017-11-26T17:19:31Z,2011-01-21T00:58:16Z
194.75.147.212,ns2.financialexpress.net.,GB,,FE DNS,,false,0.93,2017-11-26T17:19:32Z,2011-01-21T01:00:20Z
204.95.160.2,ns1.tosa.twtelecom.net.,US,Littleton,,,false,1.00,2017-11-26T17:19:33Z,2011-01-21T01:23:47Z
198.60.22.2,cns1.xmission.com.,US,Salt Lake City,,,false,1.00,2017-11-26T17:19:33Z,2011-01-23T00:25:47Z
199.80.64.202,ns2.state.lib.la.us.,US,Baton Rouge,9.3.6-P1-RedHat-9.3.6-25.P1.el5_11.6,,false,0.90,2017-11-26T17:19:33Z,2011-01-23T00:28:47Z
202.180.160.1,ns1.onebb.com.,HK,Central District,[Secured],,false,0.90,2017-11-26T17:19:35Z,2011-01-23T00:50:18Z
203.253.64.1,ns.hufs.ac.kr.,KR,,9.11.1rc3,,false,0.93,2017-11-26T17:19:34Z,2011-01-23T00:53:00Z
206.51.143.55,ns2.nktelco.net.,US,Saint Henry,9.3.4-P1.1,,false,0.93,2017-11-26T17:19:32Z,2011-01-23T00:56:08Z
207.179.3.25,ns1.virtela.net.,US,Aurora,,i/o timeout,,0.76,2017-11-26T17:19:43Z,2011-01-23T01:12:44Z
209.0.205.11,ns1.bigcity.net.,US,Houston,9.3.6-P1-RedHat-9.3.6-25.P1.el5_11.8,,false,0.97,2017-11-26T17:19:32Z,2011-01-24T01:48:22Z
209.97.224.3,ns2.revealsystems.net.,US,Longmont,9.10.4-P2,,false,1.00,2017-11-26T17:19:33Z,2011-01-24T02:12:22Z
210.248.255.82,ns.jericho-group.co.jp.,JP,Tokyo,9.3.1,Unexpected result for example.com: NXDOMAIN,,0.03,2017-11-26T17:19:34Z,2011-01-24T02:15:18Z
212.41.2.228,ns.zgr.kts.ru.,RU,,8.4.1-REL,,false,1.00,2017-11-26T17:19:33Z,2011-01-25T00:12:57Z
212.73.128.182,ns1-2.neterra.net.,BG,,You must be joking :),,false,0.97,2017-11-26T17:19:32Z,2011-01-25T00:17:24Z
212.84.172.7,,GB,,,connection refused,,0.00,2017-11-26T17:19:32Z,2011-01-25T00:18:19Z
216.52.126.1,ns1.wdc002.pnap.net.,US,,,,false,1.00,2017-11-26T17:19:32Z,2011-01-25T00:25:49Z
216.52.190.33,ns2.dal.pnap.net.,US,Carrollton,,,false,1.00,2017-11-26T17:19:33Z,2011-01-25T00:25:55Z
216.52.41.33,ns2.den.pnap.net.,US,,,,false,1.00,2017-11-26T17:19:33Z,2011-01-25T00:26:00Z
216.52.97.33,ns2.ocy.pnap.net.,US,,,,false,1.00,2017-11-26T17:19:33Z,2011-01-25T00:26:06Z
217.115.16.2,ns.multiwire.net.,IT,,-,,false,0.97,2017-11-26T17:19:34Z,2011-01-25T00:30:22Z
217.174.252.116,ns1.meridian-micro.co.uk.,GB,Gloucester,,connection refused,,0.79,2017-11-26T17:19:32Z,2011-01-25T00:33:12Z
217.174.252.65,ns2.meridian-micro.co.uk.,GB,Gloucester,,connection refused,,0.79,2017-11-26T17:19:32Z,2011-01-25T00:33:22Z
217.32.105.66,ifdnss01.ukcore.bt.net.,GB,,"This information is restricted, Your query has been logged.",,false,0.97,2017-11-26T17:19:32Z,2011-01-25T00:39:42Z
218.223.32.1,ns01.niigata-idc.ne.jp.,JP,,unknown,,false,0.97,2017-11-26T17:19:35Z,2011-01-27T00:52:48Z
220.233.0.1,ns1.exetel.com.au.,AU,Sydney,PowerDNS Authoritative Server 4.0.1,,false,0.97,2017-11-26T17:19:35Z,2011-01-27T01:00:29Z
24.248.137.39,ns1.mm.at.cox.net.,US,,,i/o timeout,,0.41,2017-11-26T17:19:41Z,2011-01-27T01:07:07Z
4.79.132.219,ns1.sotelips.net.,US,,9.8.4-rpz2+rl005.12-P1,REFUSED for example.com,,0.48,2017-11-26T17:19:33Z,2011-01-27T01:09:50Z
64.119.80.100,ns4.nuvisions.net.,US,Jersey City,,,false,0.93,2017-11-26T17:19:33Z,2011-01-31T00:21:01Z
64.94.1.33,ns2.acs.pnap.net.,US,Riverdale,,,false,1.00,2017-11-26T17:19:33Z,2011-01-31T00:22:35Z
66.199.31.131,ns3.teklinks.com.,US,O'Fallon,,,true,0.97,2017-11-26T17:19:48Z,2011-01-31T00:25:21Z
68.179.203.94,ns2.wa-k20.net.,US,Seattle,This Version,,false,0.97,2017-11-26T17:19:34Z,2011-01-31T00:29:27Z
69.25.1.1,ns1.mia003.pnap.net.,US,,,,false,1.00,2017-11-26T17:19:34Z,2011-01-31T00:29:50Z
69.25.1.33,ns2.mia003.pnap.net.,US,,,,false,1.00,2017-11-26T17:19:34Z,2011-01-31T00:29:50Z
70.36.0.5,ns1.cheznoo.net.,PM,Saint-Pierre,,,false,0.97,2017-11-26T17:19:34Z,2011-01-31T00:33:15Z
70.36.0.6,dns2.cheznoo.net.,PM,Saint-Pierre,,,false,0.86,2017-11-26T17:19:34Z,2011-01-31T00:33:16Z
79.141.83.250,ns3.ntd.ch.,CH,,9.10.3-P4-Debian,,true,0.90,2017-11-26T17:19:34Z,2011-01-31T00:37:10Z
81.17.66.14,ns1.swisp.co.uk.,GB,Paignton,,i/o timeout,,0.55,2017-11-26T17:19:42Z,2011-01-31T00:39:34Z
2001:4860:4860::8888,google-public-dns-a.google.com.,US,,,,true,1.00,2017-11-26T17:19:33Z,2013-01-04T02:01:04Z
2001:450:2005:1::4,dns1.lon.gblx.net.,US,,Version: recursive-main/20717463,,false,1.00,2017-11-26T17:19:35Z,2013-01-04T03:19:25Z
2600::2,ns2.sprintlink.net.,US,,,,true,1.00,2017-11-26T17:19:33Z,2013-01-04T03:19:37Z
2600::1,ns1.sprintlink.net.,US,,,,true,1.00,2017-11-26T17:19:33Z,2013-01-04T03:19:38Z
2001:1bc0::ffff:bbbb:2,ns2.probe-networks.de.,DE,,Make my day,,false,1.00,2017-11-26T17:19:33Z,2013-01-04T03:20:03Z
2001:1bc0::ffff:aaaa:2,ns1.probe-networks.de.,DE,,Make my day,,false,1.00,2017-11-26T17:19:33Z,2013-01-04T03:20:04Z
2001:610:1108:5010::130,zen.stack.nl.,NL,,9.10.4,REFUSED for example.com,,0.00,2017-11-26T17:19:33Z,2013-01-04T03:20:16Z
2001:1620:2777::2,ns1.init7.net.,CH,Winterthur,None of your business,,false,1.00,2017-11-26T17:19:33Z,2013-01-04T03:22:43Z
2001:1620:2777:1::11,ns11.init7.net.,CH,Winterthur,unbound 1.4.17,,true,1.00,2017-11-26T17:19:34Z,2013-01-04T03:22:50Z
2a02:940:0:4293::100,ns2.itandtel.at.,AT,,My version is to secret for you,,false,1.00,2017-11-26T17:19:34Z,2013-01-04T03:22:51Z
2001:840:0:200::1,ns2.powertech.no.,NO,,9.8.3-P4,,false,1.00,2017-11-26T17:19:34Z,2013-01-04T03:22:53Z
2001:1620:2777:1::10,ns10.init7.net.,CH,Winterthur,unbound 1.4.17,,true,1.00,2017-11-26T17:19:34Z,2013-01-04T03:22:55Z
2001:5b8:1::5,dns1.host.net.,US,,9.9.4-P2-RedHat-9.9.4-17.P2.fc20,,true,0.93,2017-11-26T17:19:34Z,2013-01-04T03:23:05Z
2001:418:3ff::1:53,y.ns.gin.ntt.net.,US,,9.8.2rc1-RedHat-9.8.2-0.62.rc1.el6_9.4,,false,1.00,2017-11-26T17:19:33Z,2013-01-04T03:23:07Z
2001:450:2005:3::5,dns2.roc.gblx.net.,US,,Version: recursive-main/20717463,,false,1.00,2017-11-26T17:19:34Z,2013-01-04T03:23:08Z
2001:418:3ff::53,x.ns.gin.ntt.net.,US,,9.8.2rc1-RedHat-9.8.2-0.62.rc1.el6_9.4,,false,1.00,2017-11-26T17:19:33Z,2013-01-04T03:23:26Z
2001:4860:4860::8844,google-public-dns-b.google.com.,US,,,,true,1.00,2017-11-26T17:19:33Z,2013-01-04T03:24:28Z
2001:470:20::2,ordns.he.net.,US,,PowerDNS Recursor 4.0.6 (built Jul  4 2017 15:43:52 by root@5ee67e1ed1a4),,false,1.00,2017-11-26T17:19:33Z,2013-01-04T03:24:42Z
2001:470:0:69::2,tserv1.fra1.he.net.,US,Milpitas,PowerDNS Recursor 4.0.0-alpha2,,false,1.00,2017-11-26T17:19:33Z,2013-01-04T03:24:44Z
2001:910:800::12,ns0.fdn.org.,FR,,9.8.4-rpz2+rl005.12-P1,,false,1.00,2017-11-26T17:19:33Z,2013-01-04T03:24:46Z
2001:910:800::40,ns1.fdn.org.,FR,,unbound 1.4.22,,true,1.00,2017-11-26T17:19:33Z,2013-01-04T03:24:46Z
2001:450:2005:2::5,dns2.phx.gblx.net.,US,,Version: recursive-main/20717463,,false,1.00,2017-11-26T17:19:34Z,2013-01-04T03:24:47Z
2001:450:2005:2::4,dns1.phx.gblx.net.,US,,Version: recursive-main/20717463,,false,1.00,2017-11-26T17:19:34Z,2013-01-04T03:24:51Z
2a02:2178:1:2::2,rickhunter.ns.ielo.net.,FR,,9.5.1-P3,,false,1.00,2017-11-26T17:19:35Z,2013-01-04T03:25:39Z
2607:fa88:1::2,,US,,undisclosed,,false,0.93,2017-11-26T17:19:37Z,2013-01-04T03:26:09Z
2001:ec0:3::3,dns2.totbb.net.,TH,,,i/o timeout,,0.00,2017-11-26T17:19:42Z,2013-01-04T03:34:28Z
2001:ec0:1::1,dns1.totbb.net.,TH,,,Unexpected result for example.com: NXDOMAIN,,0.00,2017-11-26T17:19:35Z,2013-01-04T03:34:29Z
2001:4f8:0:2::14,or.isc.org.,US,,9.10.4,,false,0.97,2017-11-26T17:19:35Z,2013-01-07T23:53:46Z
212.98.160.65,ns2.bn.by.,BY,Minsk,9.9.5-P1,,true,1.00,2017-11-26T17:19:35Z,2013-01-28T21:02:18Z
212.98.160.50,ns1.bn.by.,BY,Minsk,9.9.5-P1,,false,1.00,2017-11-26T17:19:34Z,2013-01-28T21:02:28Z
74.207.242.213,li84-213.members.linode.com.,US,Fremont,9.9.7,,false,1.00,2017-11-26T17:19:34Z,2013-01-30T16:37:05Z
50.116.28.138,li490-138.members.linode.com.,US,Dallas,9.9.6-P1,,false,0.86,2017-11-26T17:19:34Z,2013-01-30T16:37:19Z
12.127.16.67,rmtu.mt.rs.els-gms.att.net.,US,Los Angeles,,,false,1.00,2017-11-26T17:19:34Z,2013-01-30T17:01:54Z
12.127.17.71,dns-rs1.bgtmo.ip.att.net.,US,Los Angeles,,,false,1.00,2017-11-26T17:19:34Z,2013-01-30T17:01:54Z
61.63.0.66,ns1.kbtelecom.net.tw.,TW,Taipei," ",,false,0.69,2017-11-26T17:19:36Z,2013-01-30T17:08:26Z
61.8.0.113,ns4.pacific.net.au.,AU,Redfern,,,false,1.00,2017-11-26T17:19:36Z,2013-01-30T17:08:27Z
62.40.32.33,dns1.o2.ie.,IE,,O2 Ireland DNS,,false,0.97,2017-11-26T17:19:34Z,2013-01-30T17:11:05Z
62.40.32.34,dns2.o2.ie.,IE,,O2 Ireland DNS,SERVFAIL for example.com,,0.69,2017-11-26T17:19:34Z,2013-01-30T17:11:08Z
64.119.60.5,ns1.speednet-dns.com.,US,Frankenmuth,9.9.5-3ubuntu0.10-Ubuntu,,false,0.90,2017-11-26T17:19:34Z,2013-01-30T17:12:51Z
64.119.60.9,ns2.speednet-dns.com.,US,Frankenmuth,9.9.5-3ubuntu0.10-Ubuntu,,false,0.52,2017-11-26T17:19:35Z,2013-01-30T17:12:51Z
65.183.98.90,ns1.exceedtech.net.,US,Jackson,not currently available,,false,1.00,2017-11-26T17:19:35Z,2013-01-30T17:15:50Z
65.74.130.5,ns1.heraklesdata.net.,US,Overland Park,,i/o timeout,,0.86,2017-11-26T17:19:51Z,2013-01-30T17:16:28Z
66.119.93.4,nssv.telefonica-ca.net.,SV,San Salvador,,i/o timeout,,0.10,2017-11-26T17:19:43Z,2013-01-30T17:16:47Z
66.151.145.1,ns1.sje.pnap.net.,US,San Jose,,,false,1.00,2017-11-26T17:19:35Z,2013-01-30T17:17:05Z
66.182.208.5,cache1.1scom.net.,US,Keller,9.3.6-P1-RedHat-9.3.6-25.P1.el5_11.3,,false,0.79,2017-11-26T17:19:35Z,2013-01-30T17:17:20Z
66.218.44.5,ns5.dslextreme.com.,US,San Jose,9.8.2rc1-RedHat-9.8.2-0.37.rc1.el6_7.2,,false,0.97,2017-11-26T17:19:35Z,2013-01-30T17:17:50Z
66.242.160.5,,US,Ceres,,i/o timeout,,0.79,2017-11-26T17:19:46Z,2013-01-30T17:17:54Z
66.51.206.100,dns2.dslextreme.com.,US,Canoga Park,PowerDNS Recursor 3.7.3 (jenkins@autotest.powerdns.com built 20150610132449 mockbuild@),,false,1.00,2017-11-26T17:19:35Z,2013-01-30T17:18:26Z
69.60.160.196,Edelta.DADNS.america.net.,US,Alpharetta,9.10.2-P3,,false,1.00,2017-11-26T17:19:41Z,2013-01-30T17:21:01Z
69.7.192.1,ns1.cimcoisp.net.,US,Akron,9.8.2rc1-RedHat-9.8.2-0.30.rc1.el6_6.2,,false,0.93,2017-11-26T17:19:45Z,2013-01-30T17:21:02Z
69.7.192.2,ns2.cimcoisp.net.,US,Akron,9.8.2rc1-RedHat-9.8.2-0.30.rc1.el6_6.2,,false,0.90,2017-11-26T17:19:35Z,2013-01-30T17:21:03Z
82.151.90.1,bow.mauritel.mr.,MR,,,,false,0.90,2017-11-26T17:19:35Z,2013-01-30T17:24:58Z
82.216.111.121,res1.tech.numericable.fr.,FR,Paris,,,false,1.00,2017-11-26T17:19:34Z,2013-01-30T17:25:24Z
83.143.8.249,,NG,,,i/o timeout,,0.00,2017-11-26T17:19:43Z,2013-01-30T17:25:38Z
85.119.136.158,85-119-136-158.telio.no.,NO,,,i/o timeout,,0.00,2017-11-26T17:19:43Z,2013-01-30T17:26:18Z
139.130.4.4,uneeda.telstra.net.,AU,Melbourne,unknown,,false,1.00,2017-11-26T17:19:37Z,2013-01-30T17:32:07Z
139.175.252.16,dns1.seed.net.tw.,TW,Taipei,,,false,1.00,2017-11-26T17:19:39Z,2013-01-30T17:32:14Z
139.175.55.244,dns.seed.net.tw.,TW,Taipei,Contact service@seed.net.tw for version information.,,false,1.00,2017-11-26T17:19:36Z,2013-01-30T17:32:15Z
142.103.1.1,dns3.ubc.ca.,CA,Vancouver,none,,false,1.00,2017-11-26T17:19:35Z,2013-01-30T17:32:40Z
142.46.1.130,ns1.hydroonetelecom.com.,CA,Brampton,9.9.5,,true,1.00,2017-11-26T17:19:37Z,2013-01-30T17:33:12Z
142.46.128.130,hotdns2.hydroonetelecom.com.,CA,Toronto,9.9.4-RedHat-9.9.4-37.el7,,true,1.00,2017-11-26T17:19:35Z,2013-01-30T17:33:12Z
148.233.151.8,,MX,,Nominum Vantio CacheServe 7.0.5.0,,false,1.00,2017-11-26T17:19:36Z,2013-01-30T17:34:09Z
158.43.128.1,cache0002.ns.eu.uu.net.,GB,,,,true,1.00,2017-11-26T17:19:35Z,2013-01-30T17:35:20Z
158.43.192.1,cache0003.ns.eu.uu.net.,GB,,,,false,1.00,2017-11-26T17:19:35Z,2013-01-30T17:35:21Z
158.43.240.3,cache0005a.ns.eu.uu.net.,GB,,,,true,1.00,2017-11-26T17:19:35Z,2013-01-30T17:35:21Z
168.126.63.1,kns.kornet.net.,KR,Seoul,Cyber World Leader Kornet!,,false,1.00,2017-11-26T17:19:37Z,2013-01-30T17:36:26Z
168.126.63.2,kns2.kornet.net.,KR,Seoul,Kornet DNS,,false,1.00,2017-11-26T17:19:37Z,2013-01-30T17:36:27Z
168.95.1.1,dns.hinet.net.,TW,,,,false,1.00,2017-11-26T17:19:37Z,2013-01-30T17:36:46Z
170.56.58.53,nserver1.khis.de.,US,Alpharetta,9.9.5-rpz2+rl.14038.05-P1,,false,1.00,2017-11-26T17:19:35Z,2013-01-30T17:36:59Z
189.90.16.20,jangada.fortalnet.com.br.,BR,Juazeiro do Norte,REFUSED,,false,0.93,2017-11-26T17:19:37Z,2013-01-30T17:37:22Z
193.226.61.1,tag.euroweb.ro.,RO,,,,false,1.00,2017-11-26T17:19:35Z,2013-01-30T17:40:33Z
193.67.79.39,cache0200.ns.eu.uu.net.,NL,,,,true,1.00,2017-11-26T17:19:35Z,2013-01-30T17:41:31Z
193.78.240.12,cache0204.ns.eu.uu.net.,NL,,,,true,1.00,2017-11-26T17:19:35Z,2013-01-30T17:41:47Z
193.79.242.39,cache0205.ns.eu.uu.net.,NL,,,,true,1.00,2017-11-26T17:19:35Z,2013-01-30T17:41:47Z
193.98.112.238,ns6.envia-tel.net.,DE,Chemnitz,not currently available,,false,1.00,2017-11-26T17:19:35Z,2013-01-30T17:42:09Z
193.98.112.46,ns4.envia-tel.net.,DE,Chemnitz,not currently available,,false,1.00,2017-11-26T17:19:35Z,2013-01-30T17:42:09Z
193.98.115.214,ns5.envia-tel.net.,DE,Chemnitz,not currently available,,false,1.00,2017-11-26T17:19:35Z,2013-01-30T17:42:10Z
194.179.1.100,100.red-194-179-1.static.ccgg.telefonica.net.,ES,,,,false,1.00,2017-11-26T17:19:35Z,2013-01-30T17:44:25Z
194.179.1.101,101.red-194-179-1.static.ccgg.telefonica.net.,ES,,,,false,1.00,2017-11-26T17:19:35Z,2013-01-30T17:44:26Z
195.113.144.194,ns.cesnet.cz.,CZ,,unbound 1.6.1,,true,1.00,2017-11-26T17:19:35Z,2013-01-30T17:46:01Z
195.129.12.122,cache0400.ns.eu.uu.net.,,,,,true,1.00,2017-11-26T17:19:35Z,2013-01-30T17:46:18Z
195.27.1.1,cns2.cw.net.,,,Version: recursive-main/16245405,,false,1.00,2017-11-26T17:19:35Z,2013-01-30T17:48:09Z
195.5.64.2,ns1.landsraad.net.,ES,,9.8.1-P1,,false,1.00,2017-11-26T17:19:36Z,2013-01-30T17:48:27Z
195.74.128.6,res03.opal-solutions.com.,GB,,Unknown,SERVFAIL for verisignlabs.com,,0.86,2017-11-26T17:19:35Z,2013-01-30T17:48:58Z
195.99.66.220,nsr1.nl-ams2.eu.bt.net.,NL,Amsterdam,This information is unavailable.,,true,0.97,2017-11-26T17:19:35Z,2013-01-30T17:49:10Z
198.82.247.34,yardbird.cns.vt.edu.,US,Blacksburg,fancy new chroot version,,true,1.00,2017-11-26T17:19:36Z,2013-01-30T17:51:22Z
199.166.6.2,ns.execulink.com.,CA,Burgessville,9.8.2rc1-RedHat-9.8.2-0.62.rc1.el6_9.4,,false,1.00,2017-11-26T17:19:36Z,2013-01-30T17:51:23Z
199.249.18.1,NDCDNS10.verizon.com.,US,Colorado Springs,none,SERVFAIL for verisignlabs.com,,0.45,2017-11-26T17:19:36Z,2013-01-30T17:51:32Z
199.249.19.1,OMZDNS10.verizon.com.,US,Colorado Springs,none,,false,1.00,2017-11-26T17:19:37Z,2013-01-30T17:51:32Z
200.221.11.101,ravel.uol.com.br.,BR,,,,true,1.00,2017-11-26T17:19:38Z,2013-01-30T17:53:24Z
200.35.174.126,dns1.navega.net.gt.,GT,,,,false,0.97,2017-11-26T17:19:37Z,2013-01-30T17:54:27Z
200.35.174.127,dns2.navega.net.gt.,GT,,,,false,1.00,2017-11-26T17:19:37Z,2013-01-30T17:54:27Z
200.56.224.11,ns.marcatel.com.mx.,MX,Monterrey,Security,,false,1.00,2017-11-26T17:19:37Z,2013-01-30T17:55:51Z
200.94.26.115,static-200-94-26-115.alestra.net.mx.,MX,Emiliano Zapata,none,,false,0.90,2017-11-26T17:19:40Z,2013-01-30T17:57:13Z
202.130.97.65,dns1.wharfttidc.com.,HK,Central District,[SECURED],,false,1.00,2017-11-26T17:19:38Z,2013-01-30T18:01:54Z
202.181.224.2,ns1.hkcix.com.,HK,,9.8.2rc1-RedHat-9.8.2-0.37.rc1.el6_7.2,,false,1.00,2017-11-26T17:19:38Z,2013-01-30T18:04:10Z
202.28.162.1,,TH,Bangkok,9.4.1,,false,0.97,2017-11-26T17:19:38Z,2013-01-30T18:05:06Z
202.44.144.33,ns2.ksc.co.th.,TH,,KSC,,false,0.86,2017-11-26T17:19:38Z,2013-01-30T18:05:34Z
202.44.204.36,nscache1.nectec.or.th.,TH,,9.9.5-3ubuntu0.16-Ubuntu,,false,0.90,2017-11-26T17:19:41Z,2013-01-30T18:05:37Z
202.45.84.58,dns.hutchcity.com.,HK,,,,true,1.00,2017-11-26T17:19:39Z,2013-01-30T18:05:43Z
203.109.129.67,ns1.ihug.co.nz.,NZ,,unbound 1.4.21,,true,1.00,2017-11-26T17:19:39Z,2013-01-30T18:10:52Z
203.109.129.68,ns2.ihug.co.nz.,NZ,,unbound 1.4.20,,true,1.00,2017-11-26T17:19:39Z,2013-01-30T18:10:53Z
203.112.2.5,ns02.miinet.jp.,JP,Tokyo,,,false,1.00,2017-11-26T17:19:38Z,2013-01-30T18:10:56Z
203.115.130.72,,PH,,,,false,1.00,2017-11-26T17:19:43Z,2013-01-30T18:11:38Z
203.115.130.74,,PH,,,,false,1.00,2017-11-26T17:19:44Z,2013-01-30T18:11:42Z
203.119.36.106,nscache2.vnnic.net.vn.,VN,Hanoi,,,false,0.97,2017-11-26T17:19:39Z,2013-01-30T18:11:55Z
203.119.8.106,nscache1.vnnic.net.vn.,VN,Hanoi,,,false,1.00,2017-11-26T17:19:38Z,2013-01-30T18:12:00Z
203.144.207.29,dns1.asianet.co.th.,TH,Bangkok,,,true,1.00,2017-11-26T17:19:38Z,2013-01-30T18:13:00Z
203.144.207.49,dns2.asianet.co.th.,TH,Bangkok,,,true,1.00,2017-11-26T17:19:39Z,2013-01-30T18:13:01Z
203.146.237.237,ns01.csloxinfo.com.,TH,,CSLoxinfo,,false,1.00,2017-11-26T17:19:38Z,2013-01-30T18:13:07Z
203.198.7.66,ns4.netvigator.com.,HK,Central District,[Secured],,false,1.00,2017-11-26T17:19:38Z,2013-01-30T18:14:35Z
203.239.131.1,ns.jchyun.co.kr.,KR,,,,false,0.90,2017-11-26T17:19:42Z,2013-01-30T18:15:06Z
203.253.31.1,ns1.soongsil.org.,KR,,,,false,1.00,2017-11-26T17:19:39Z,2013-01-30T18:15:13Z
203.50.2.71,lon-resolver.telstra.net.,AU,,unknown,,false,1.00,2017-11-26T17:19:40Z,2013-01-30T18:15:43Z
203.63.8.27,ns1.easy.com.au.,AU,,,i/o timeout,,0.90,2017-11-26T17:19:45Z,2013-01-30T18:15:49Z
203.80.96.10,ns1o.ctihk.com.,HK,Central District,dns,,false,0.90,2017-11-26T17:19:39Z,2013-01-30T18:15:52Z
204.95.160.4,ns2.tosa.twtelecom.net.,US,Littleton,,,false,1.00,2017-11-26T17:19:41Z,2013-01-30T18:17:47Z
205.151.222.250,dns3.videotron.net.,CA,,,,false,1.00,2017-11-26T17:19:38Z,2013-01-30T18:17:48Z
205.151.222.251,dns4.videotron.net.,CA,,,,false,1.00,2017-11-26T17:19:38Z,2013-01-30T18:17:48Z
205.171.2.65,resolver.qwest.net.,US,,,,false,1.00,2017-11-26T17:19:38Z,2013-01-30T18:18:02Z
206.123.64.245,ns1.colo4dallas.net.,US,St Louis,1.2.3.4,,false,0.97,2017-11-26T17:19:38Z,2013-01-30T18:18:47Z
206.124.65.253,boingo.gte.net.,US,,,,false,1.00,2017-11-26T17:19:38Z,2013-01-30T18:18:48Z
206.253.33.130,ns1.pld.com.,US,Holcomb,,,false,1.00,2017-11-26T17:19:38Z,2013-01-30T18:19:40Z
207.217.126.81,do-not-use-rns1.earthlink.net.,US,,,,false,1.00,2017-11-26T17:19:42Z,2013-01-30T18:20:45Z
207.69.188.171,optns1.earthlink.net.,US,,,,false,1.00,2017-11-26T17:19:41Z,2013-01-30T18:21:36Z
207.69.188.172,optns2.earthlink.net.,US,,,,false,1.00,2017-11-26T17:19:41Z,2013-01-30T18:21:39Z
207.69.188.185,rns1.earthlink.net.,US,,,,false,1.00,2017-11-26T17:19:44Z,2013-01-30T18:21:42Z
207.69.188.186,rns2.earthlink.net.,US,,,,false,1.00,2017-11-26T17:19:41Z,2013-01-30T18:21:46Z
207.69.188.187,rns3.earthlink.net.,US,,,,false,1.00,2017-11-26T17:19:41Z,2013-01-30T18:21:49Z
207.91.250.34,westland.gr-lakes.com.,US,Redford,9.9.3-rl.13207.22-P2-RedHat-9.9.3-16.P2.fc19,,true,0.93,2017-11-26T17:19:40Z,2013-01-30T18:21:55Z
208.72.120.204,dns1.295.ca.,CA,Kitchener,Go Away,,false,1.00,2017-11-26T17:19:38Z,2013-01-30T18:23:15Z
209.59.96.13,nsinetbck.apuainet.ag.,AG,,9.3.6-P1-RedHat-9.3.6-25.P1.el5_11.11,,false,0.48,2017-11-26T17:19:39Z,2013-01-30T18:24:39Z
210.180.98.69,fns2.hananet.net.,KR,,,,false,1.00,2017-11-26T17:19:43Z,2013-01-30T18:25:16Z
210.23.129.34,ns2.pacific.net.au.,AU,Nunawading,,,false,1.00,2017-11-26T17:19:41Z,2013-01-30T18:25:39Z
210.80.58.3,dialcache300.ns.uu.net.,SG,,,,false,1.00,2017-11-26T17:19:41Z,2013-01-30T18:26:41Z
211.41.128.71,,KR,Suwon,,i/o timeout,,0.69,2017-11-26T17:19:47Z,2013-01-30T18:27:24Z
211.63.64.11,ns1.haninternet.net.,KR,,secure! ,,true,0.97,2017-11-26T17:19:42Z,2013-01-30T18:27:25Z
211.78.130.10,ns1.sparq.com.tw.,TW,Taipei,,i/o timeout,,0.28,2017-11-26T17:19:47Z,2013-01-30T18:27:36Z
212.36.24.3,,BG,,,i/o timeout,,0.76,2017-11-26T17:19:50Z,2013-01-30T18:31:59Z
212.36.64.17,dns2.adam.es.,ES,Barcelona,9.10.2-P4,,false,1.00,2017-11-26T17:19:39Z,2013-01-30T18:32:00Z
212.40.0.10,ns1.datacomm.ch.,CH,,-=[NiN]=-,,false,1.00,2017-11-26T17:19:39Z,2013-01-30T18:32:00Z
212.49.128.65,mail1.bt.es.,GB,,secV9,,false,0.83,2017-11-26T17:19:39Z,2013-01-30T18:32:19Z
212.59.199.6,ns4.landsraad.net.,ES,,PDNS 3.3.11,,true,1.00,2017-11-26T17:19:39Z,2013-01-30T18:32:53Z
212.73.140.66,mail.neterra.net.,BG,,You must be joking :),,false,0.97,2017-11-26T17:19:39Z,2013-01-30T18:33:18Z
212.9.98.20,dns1.keycom.co.uk.,GB,Newcastle,,,false,1.00,2017-11-26T17:19:39Z,2013-01-30T18:33:53Z
212.94.32.32,dns-zg.zugernet.ch.,CH,Baar,9.9.5-9+deb8u14-Debian,,true,0.86,2017-11-26T17:19:39Z,2013-01-30T18:33:54Z
213.0.77.5,netra1.infotelecom.es.,ES,,9.9.4-RedHat-9.9.4-38.el7_3.3,,true,0.97,2017-11-26T17:19:40Z,2013-01-30T18:34:15Z
213.157.196.130,ns1.srv.co.ge.,GE,Tbilisi,PowerDNS Recursor 3.7.3 (jenkins@autotest.powerdns.com built 20150610132449 mockbuild@),,false,1.00,2017-11-26T17:19:40Z,2013-01-30T18:35:35Z
213.172.33.35,ns2.neo.es.,ES,,ALU DNS 6.2 Build 9,Unexpected result for wikileaks.org: NXDOMAIN,,0.55,2017-11-26T17:19:39Z,2013-01-30T18:36:01Z
216.131.94.5,ns1.oakweb.com.,US,Winter Park,9.8.2rc1-RedHat-9.8.2-0.62.rc1.el6_9.2,,false,1.00,2017-11-26T17:19:40Z,2013-01-30T18:39:13Z
216.254.141.13,dnscache1.tor.primus.ca.,CA,Saint-Francois-de-l'Ile-d'Orleans,Unknown,,true,1.00,2017-11-26T17:19:40Z,2013-01-30T18:40:43Z
216.52.161.33,ns2.mia.pnap.net.,US,,,i/o timeout,,0.00,2017-11-26T17:19:48Z,2013-01-30T18:41:00Z
216.52.169.1,ns1.hou.pnap.net.,US,College Station,,,false,1.00,2017-11-26T17:19:40Z,2013-01-30T18:41:00Z
216.52.41.1,ns1.den.pnap.net.,US,,,,false,1.00,2017-11-26T17:19:40Z,2013-01-30T18:41:01Z
216.52.94.33,ns2.nym.pnap.net.,US,Hollis,,,false,1.00,2017-11-26T17:19:40Z,2013-01-30T18:41:01Z
217.173.198.3,apollo.po.opole.pl.,PL,Opole,,i/o timeout,,0.00,2017-11-26T17:19:49Z,2013-01-30T18:42:40Z
217.66.226.8,dns2.palnet.com.,PS,Ramallah,REFUSED,,false,1.00,2017-11-26T17:19:40Z,2013-01-30T18:43:18Z
217.77.71.1,,GA,Libreville,,,false,1.00,2017-11-26T17:19:44Z,2013-01-30T18:43:41Z
217.77.71.33,,GA,Libreville,,,false,1.00,2017-11-26T17:19:44Z,2013-01-30T18:43:42Z
218.102.23.228,ns3.netvigator.com.,HK,Central District,[Secured],,false,1.00,2017-11-26T17:19:42Z,2013-01-30T18:43:49Z
218.232.110.36,cns2.ngene.net.,KR,,,,false,1.00,2017-11-26T17:19:44Z,2013-01-30T18:44:25Z
219.252.1.100,ns1.skline.co.kr.,KR,,,,false,1.00,2017-11-26T17:19:45Z,2013-01-30T18:45:26Z
2001:b08:2:280::4:1,lpc1.stu.neva.ru.,RU,,[Secured !!! Please Go away idiot lamer ! ],,false,1.00,2017-11-26T17:19:41Z,2013-01-30T23:16:27Z
2001:1a68::d911:2244,,PL,,atman.pl,,false,1.00,2017-11-26T17:19:40Z,2013-01-30T23:18:47Z
85.132.32.42,ns2.caspel.com.,AZ,Baku,Caspel,,false,0.86,2017-11-26T17:19:44Z,2013-01-30T23:20:19Z
85.132.32.41,ns1.caspel.com.,AZ,Baku,Caspel,,false,0.97,2017-11-26T17:19:41Z,2013-01-30T23:20:19Z
194.158.206.206,ns1.mogilev.by.,BY,,,,true,1.00,2017-11-26T17:19:40Z,2013-01-30T23:54:13Z
106.186.17.181,tungsten.gparent.org.,JP,,,,false,1.00,2017-11-26T17:19:42Z,2013-01-31T01:46:09Z
121.152.231.196,,KR,Asan,,,false,0.97,2017-11-26T17:19:46Z,2013-01-31T23:36:05Z
189.26.255.11,189.26.255.11.static.gvt.net.br.,BR,Salvador,,,false,0.86,2017-11-26T17:19:44Z,2013-02-01T01:01:38Z
2620:0:ccc::2,resolver1.ipv6-sandbox.opendns.com.,US,,,,false,1.00,2017-11-26T17:19:40Z,2013-03-22T17:56:37Z
2620:0:ccd::2,resolver2.ipv6-sandbox.opendns.com.,US,,,,false,1.00,2017-11-26T17:19:40Z,2013-03-22T17:56:41Z
85.214.20.141,h1768020.stratoserver.net.,DE,Berlin,9.9.5-3ubuntu0.16-Ubuntu,,false,1.00,2017-11-26T17:19:40Z,2013-03-22T18:34:53Z
211.78.130.11,ns2.sparq.com.tw.,TW,Taipei,,i/o timeout,,0.34,2017-11-26T17:19:49Z,2013-03-23T00:00:24Z
211.78.130.3,ns3.sparqnet.net.,TW,Taipei,Sparq DNS,SERVFAIL for wikileaks.org,,0.83,2017-11-26T17:19:41Z,2013-03-23T00:00:25Z
193.251.169.83,dns.cetic.dz.,DZ,,HyperDNS Version 1.9.77,,false,1.00,2017-11-26T17:19:41Z,2013-03-23T00:02:29Z
202.248.20.133,dns5.nifty.com.,JP,Tokyo,unknown,,false,1.00,2017-11-26T17:19:42Z,2013-03-23T00:02:50Z
202.248.37.74,dns.nifty.com.,JP,Yokohama,unknown,,false,1.00,2017-11-26T17:19:42Z,2013-03-23T00:02:50Z
194.149.156.140,ian1.tmf.ukim.edu.mk.,MK,,,i/o timeout,,0.52,2017-11-26T17:19:49Z,2013-03-23T00:21:20Z
194.149.146.2,iunona.pmf.ukim.edu.mk.,MK,,9.3.6-P1-RedHat-9.3.6-25.P1.el5_11.11,,false,0.72,2017-11-26T17:19:41Z,2013-03-23T00:21:23Z
194.149.133.11,ereb.mf.ukim.edu.mk.,MK,,9.3.6-P1-RedHat-9.3.6-4.P1.el5_4.2,,false,0.90,2017-11-26T17:19:42Z,2013-03-23T00:21:30Z
95.158.129.2,ns2.novatel.bg.,BG,,9.8.4-rpz2+rl005.12-P1,,false,1.00,2017-11-26T17:19:41Z,2013-03-24T03:18:13Z
95.173.193.3,dns.net-service.cz.,CZ,Zabreh,9.8.4-rpz2+rl005.12-P1,,false,0.93,2017-11-26T17:19:41Z,2013-03-24T03:18:41Z
2001:978:1:1::d,eu-res1.dns.cogentco.com.,DE,,blue,,false,1.00,2017-11-26T17:19:40Z,2013-03-24T03:20:44Z
2001:978:1:2::d,eu-res2.dns.cogentco.com.,DE,,blue,,false,1.00,2017-11-26T17:19:40Z,2013-03-24T03:20:44Z
2001:550:1:1::d,na-res1.dns.cogentco.com.,US,,blue,,false,1.00,2017-11-26T17:19:41Z,2013-03-24T03:20:45Z
2001:470:0:45::2,tserv1.fmt2.he.net.,US,Milpitas,PowerDNS Recursor 4.0.6 (built Jul  4 2017 15:43:52 by root@5ee67e1ed1a4),,false,1.00,2017-11-26T17:19:41Z,2013-03-24T03:21:02Z
2001:470:0:78::2,tserv1.dal1.he.net.,US,Milpitas,PowerDNS Recursor 4.0.6 (built Jul  4 2017 15:43:52 by root@5ee67e1ed1a4),,false,1.00,2017-11-26T17:19:41Z,2013-03-24T03:21:02Z
2001:470:0:8c::2,tserv1.mia1.he.net.,US,Milpitas,PowerDNS Recursor 4.0.6 (built Jul  4 2017 15:43:52 by root@5ee67e1ed1a4),,false,1.00,2017-11-26T17:19:41Z,2013-03-24T03:21:03Z
209.51.161.58,tserv1.mia1.he.net.,US,Fremont,PowerDNS Recursor 4.0.6 (built Jul  4 2017 15:43:52 by root@5ee67e1ed1a4),,false,1.00,2017-11-26T17:19:41Z,2013-03-24T03:21:03Z
2001:470:0:c0::2,tserv1.tor1.he.net.,US,Milpitas,PowerDNS Recursor 4.0.6 (built Jul  4 2017 15:43:52 by root@5ee67e1ed1a4),,false,1.00,2017-11-26T17:19:41Z,2013-03-24T03:21:03Z
216.66.38.58,tserv1.tor1.he.net.,US,Fremont,PowerDNS Recursor 4.0.6 (built Jul  4 2017 15:43:52 by root@5ee67e1ed1a4),,false,1.00,2017-11-26T17:19:41Z,2013-03-24T03:21:03Z
72.52.104.74,tserv1.fmt2.he.net.,US,Fremont,PowerDNS Recursor 4.0.6 (built Jul  4 2017 15:43:52 by root@5ee67e1ed1a4),,false,1.00,2017-11-26T17:19:42Z,2013-03-24T03:21:04Z
74.82.46.6,tserv1.tyo1.he.net.,US,Fremont,PowerDNS Recursor 4.0.6 (built Jul  4 2017 15:43:52 by root@5ee67e1ed1a4),,false,1.00,2017-11-26T17:19:43Z,2013-03-24T03:21:04Z
209.51.161.14,tserv1.nyc4.he.net.,US,Fremont,PowerDNS Recursor 4.0.6 (built Jul  4 2017 15:43:52 by root@5ee67e1ed1a4),,false,1.00,2017-11-26T17:19:41Z,2013-03-24T03:21:04Z
216.66.80.90,tserv1.sto1.he.net.,US,Fremont,PowerDNS Recursor 4.0.6 (built Jul  4 2017 15:43:52 by root@5ee67e1ed1a4),,false,1.00,2017-11-26T17:19:41Z,2013-03-24T03:22:28Z
216.66.80.98,tserv1.zrh1.he.net.,US,Fremont,PowerDNS Recursor 4.0.6 (built Jul  4 2017 15:43:52 by root@5ee67e1ed1a4),,false,1.00,2017-11-26T17:19:41Z,2013-03-24T03:22:28Z
216.66.22.2,tserv2.ash1.he.net.,US,Fremont,PowerDNS Recursor 4.0.6 (built Jul  4 2017 15:43:52 by root@5ee67e1ed1a4),,false,1.00,2017-11-26T17:19:42Z,2013-03-24T03:22:29Z
2600:3c00::20:b1ff,,US,Dallas,arise chikun,,false,0.97,2017-11-26T17:19:42Z,2013-03-26T20:05:54Z
212.85.112.32,cloudserver004096.home.net.pl.,PL,,home.pl,,false,1.00,2017-11-26T17:19:42Z,2013-04-11T20:58:04Z
62.129.252.252,dns4.home.pl.,PL,,home.pl,,false,1.00,2017-11-26T17:19:42Z,2013-04-11T20:58:04Z
195.46.39.39,dns1.safedns.com.,,,,,false,1.00,2017-11-26T17:19:41Z,2013-04-15T22:15:38Z
195.46.39.40,dns2.safedns.com.,,,,,false,1.00,2017-11-26T17:19:41Z,2013-04-15T22:15:38Z
109.69.8.51,ns.servidordenoms.cat.,ES,Barcelona,,,true,0.90,2017-11-26T17:20:02Z,2013-04-15T22:15:43Z
77.88.8.8,dns.yandex.ru.,RU,St Petersburg,PowerDNS Recursor 4.0.0-alpha2,,false,1.00,2017-11-26T17:19:42Z,2013-04-15T22:16:10Z
77.88.8.88,safe.dns.yandex.ru.,RU,St Petersburg,PowerDNS Recursor 4.0.0-alpha2,,false,1.00,2017-11-26T17:19:45Z,2013-04-15T22:16:10Z
193.58.251.251,dns.skydns.ru.,RU,,,,false,1.00,2017-11-26T17:19:43Z,2013-04-22T19:19:35Z
2001:468:c80:2101:0:100:0:22,yardbird.cns.ipv6.vt.edu.,US,Blacksburg,fancy new chroot version,,true,1.00,2017-11-26T17:19:42Z,2013-04-23T00:03:48Z
2001:468:c80:4101:0:100:0:42,jeru.cns.ipv6.vt.edu.,US,Blacksburg,fancy new chroot version,,true,1.00,2017-11-26T17:19:43Z,2013-04-23T00:03:48Z
2001:4870:6082:3::100,dlfw-rdns-01.dlfw.twtelecom.net.,US,,,,false,1.00,2017-11-26T17:19:46Z,2013-04-23T00:04:15Z
2001:4870:6082:3::5,ns1.twtelecom.net.,US,,,,false,1.00,2017-11-26T17:19:46Z,2013-04-23T00:04:15Z
2001:4870:8000:3::100,dnvr-rdns-01.dnvr.twtelecom.net.,US,,,,false,1.00,2017-11-26T17:19:45Z,2013-04-23T00:04:16Z
2001:4870:8000:3::5,ns2.twtelecom.net.,US,,,,false,1.00,2017-11-26T17:19:45Z,2013-04-23T00:04:16Z
2001:648:2ffc:100::211,rns1.grnet.gr.,GR,,9,,true,1.00,2017-11-26T17:19:43Z,2013-04-23T00:04:19Z
2001:840:200::,ns2.powertech.no.,NO,,9.8.3-P4,,false,1.00,2017-11-26T17:19:42Z,2013-04-23T00:04:28Z
2001:840:2010:413::100,,NO,,PowerDNS Recursor 3.5.3 $Id$,,false,1.00,2017-11-26T17:19:42Z,2013-04-23T00:04:28Z
2407:9000:0:4::2,,AU,,,i/o timeout,,0.00,2017-11-26T17:19:51Z,2013-04-23T00:04:44Z
12.127.17.72,dns-rs2.bgtmo.ip.att.net.,US,Los Angeles,,,false,1.00,2017-11-26T17:19:42Z,2013-04-23T00:06:05Z
134.75.122.2,dogsuri.hoseo.ac.kr.,KR,,,,false,1.00,2017-11-26T17:19:45Z,2013-04-23T00:07:22Z
149.156.12.250,,PL,Krakow,Served by PowerDNS - https://www.powerdns.com/,,false,1.00,2017-11-26T17:19:42Z,2013-04-23T00:08:36Z
149.211.153.51,nserver5.khis.de.,DE,Bochum,,connection refused,,0.52,2017-11-26T17:19:42Z,2013-04-23T00:08:37Z
164.124.107.9,cns2.bora.net.,KR,Seoul,YOU are being MONITORED!,,false,1.00,2017-11-26T17:19:44Z,2013-04-23T00:10:02Z
165.87.13.129,nscache.prserv.net.,US,Middletown,,,false,1.00,2017-11-26T17:19:42Z,2013-04-23T00:10:03Z
168.215.165.186,ns1.snan.twtelecom.net.,US,Spring Branch,,,false,1.00,2017-11-26T17:19:45Z,2013-04-23T00:10:11Z
188.18.5.2,,RU,Kurgan,,,false,1.00,2017-11-26T17:19:44Z,2013-04-23T00:10:19Z
192.116.16.26,ns.palnet.com.,PS,Ramallah,9.9.5-RedHat-9.9.5-0.el6,,true,0.93,2017-11-26T17:19:44Z,2013-04-23T00:10:44Z
193.111.144.145,prsrv1.man.radom.pl.,PL,Radom,9.9.5-9+deb8u11-Debian,,false,0.83,2017-11-26T17:19:42Z,2013-04-23T00:12:03Z
193.138.78.116,dns01.viphone.cz.,CZ,,9.9.4-P2,,false,1.00,2017-11-26T17:19:42Z,2013-04-23T00:12:26Z
193.138.78.117,dns02.viphone.cz.,CZ,,9.9.4-P2,,false,0.97,2017-11-26T17:19:46Z,2013-04-23T00:12:26Z
193.142.115.131,ns2.susi.pl.,PL,,,connection refused,,0.07,2017-11-26T17:19:42Z,2013-04-23T00:12:27Z
193.151.32.40,ns1.nacura.de.,DE,,,connection refused,,0.10,2017-11-26T17:19:42Z,2013-04-23T00:12:32Z
193.16.255.2,ns2.zdnet.com.pl.,PL,Piotrk√≥w Trybunalski,9.9.5-9+deb8u6-Debian,,false,0.97,2017-11-26T17:19:44Z,2013-04-23T00:12:43Z
193.201.185.2,ns3.brookcom.net.,GB,Brookland,We don't respond to BIND version requests,,false,1.00,2017-11-26T17:19:42Z,2013-04-23T00:14:43Z
193.201.185.3,ns4.brookcom.net.,GB,Brookland,We don't respond to BIND version requests,,false,1.00,2017-11-26T17:19:43Z,2013-04-23T00:14:43Z
193.228.86.5,dns1.dpi.co.at.,AT,,,,false,1.00,2017-11-26T17:19:42Z,2013-04-23T00:16:06Z
193.230.230.1,,RO,,,i/o timeout,,0.76,2017-11-26T17:19:54Z,2013-04-23T00:16:06Z
193.231.236.25,dns-cache-1.rdsnet.ro.,RO,,Domain Name Server,,true,1.00,2017-11-26T17:19:43Z,2013-04-23T00:16:11Z
193.231.236.30,dns-cache-2.rdsnet.ro.,RO,,Domain Name Server,,true,1.00,2017-11-26T17:19:43Z,2013-04-23T00:16:11Z
193.231.80.7,neo.tm.ew.ro.,RO,,9.3.3rc2,,false,0.83,2017-11-26T17:19:43Z,2013-04-23T00:16:12Z
193.43.108.3,dns.comune.prato.it.,IT,Prato,9.2.4,,false,0.93,2017-11-26T17:19:43Z,2013-04-23T00:17:54Z
193.43.108.62,mbox.comune.prato.it.,IT,Prato,9.2.4,,false,0.93,2017-11-26T17:19:43Z,2013-04-23T00:17:55Z
194.102.44.130,,RO,,,i/o timeout,,0.00,2017-11-26T17:19:54Z,2013-04-23T00:19:04Z
194.141.12.1,medfac.acad.bg.12.141.194.in-addr.arpa.,BG,,9.3.6-P1-RedHat-9.3.6-20.P1.el5_8.6,,false,0.83,2017-11-26T17:19:44Z,2013-04-23T00:20:56Z
194.141.44.130,,BG,,,connection refused,,0.83,2017-11-26T17:19:45Z,2013-04-23T00:20:57Z
194.145.240.6,ns1.fivestardns.com.,GB,,9.3.6-P1-RedHat-9.3.6-25.P1.el5_11.2,,false,0.90,2017-11-26T17:19:43Z,2013-04-23T00:21:06Z
194.145.241.6,ns2.fivestardns.com.,GB,,9.3.6-P1-RedHat-9.3.6-25.P1.el5_11.2,,false,1.00,2017-11-26T17:19:43Z,2013-04-23T00:21:06Z
194.164.181.2,ns0.interads.co.uk.,GB,,9.4.2,,false,0.97,2017-11-26T17:19:43Z,2013-04-23T00:22:28Z
194.169.239.10,ns.coolspot.de.,DE,,9.3.6-P1-RedHat-9.3.6-4.P1.el5,,false,0.93,2017-11-26T17:19:43Z,2013-04-23T00:22:45Z
194.172.160.4,mci004.btnet.de.,DE,,PepsiCola5,,false,0.97,2017-11-26T17:19:43Z,2013-04-23T00:22:45Z
194.179.109.10,dns.caixacatalunya.es.,ES,,,i/o timeout,,0.00,2017-11-26T17:19:52Z,2013-04-23T00:22:58Z
194.213.193.5,ns.sipral.cz.,CZ,,9.9.5-9+deb8u14-Debian,,false,0.97,2017-11-26T17:19:44Z,2013-04-23T00:23:35Z
194.226.48.11,,RU,,9.2.1,,false,0.83,2017-11-26T17:19:47Z,2013-04-23T00:24:00Z
194.226.57.61,spp.keldysh.ru.,RU,,DNS,REFUSED for example.com,,0.00,2017-11-26T17:19:43Z,2013-04-23T00:24:01Z
195.112.96.34,ns.maxnet.ru.,RU,Obninsk,unbound 1.5.8,,true,1.00,2017-11-26T17:19:44Z,2013-04-23T00:27:09Z
195.14.50.21,earth.corbina.net.,RU,Moscow,,,false,1.00,2017-11-26T17:19:44Z,2013-04-23T00:28:25Z
195.146.81.130,ns.relline.ru.,RU,Moscow,9.9.4-RedHat-9.9.4-51.el7,Unexpected result for wikileaks.org: NXDOMAIN,,0.00,2017-11-26T17:19:43Z,2013-04-23T00:28:50Z
195.158.239.4,,RU,,,,false,0.97,2017-11-26T17:19:44Z,2013-04-23T00:29:09Z
195.16.73.1,ros67.supn.ru.,RU,,9.3.4,,false,0.90,2017-11-26T17:19:45Z,2013-04-23T00:29:10Z
195.178.123.130,midgard.hds.pl.,PL,,9.9.5-3ubuntu0.16-Ubuntu,,false,0.93,2017-11-26T17:19:43Z,2013-04-23T00:29:57Z
195.182.192.10,ns1.opensvit.ua.,UA,Chernivtsi,9.8.2rc1-RedHat-9.8.2-0.37.rc1.el6_7.6,,true,0.93,2017-11-26T17:19:44Z,2013-04-23T00:30:12Z
195.182.192.2,opensvit.ua.,UA,Chernivtsi,9.8.6,,false,0.93,2017-11-26T17:19:44Z,2013-04-23T00:30:12Z
195.189.130.1,ns1.obox.dk.,DK,,Served by POWERDNS 2.9.22 $Id: packethandler.cc 1321 2008-12-06 19:44:36Z ahu $,,false,0.90,2017-11-26T17:19:44Z,2013-04-23T00:30:36Z
195.189.131.1,ns2.obox.dk.,DK,,Served by POWERDNS 2.9.22 $Id: packethandler.cc 1321 2008-12-06 19:44:36Z ahu $,,false,0.90,2017-11-26T17:19:44Z,2013-04-23T00:30:36Z
195.24.228.3,ns1.m-invest.ru.,RU,,PowerDNS Authoritative Server 3.4.8 (jenkins@autotest.powerdns.com built 20160512115250 root@ns1),,false,1.00,2017-11-26T17:19:45Z,2013-04-23T00:32:40Z
195.35.110.4,ns1.be.ihost.com.,BE,,9.8.2rc1-RedHat-9.8.2-0.62.rc1.el6_9.4,,false,0.97,2017-11-26T17:19:43Z,2013-04-23T00:34:17Z
195.5.64.6,ns2.landsraad.net.,ES,,PDNS 3.3.11,,false,1.00,2017-11-26T17:19:44Z,2013-04-23T00:34:59Z
195.60.70.5,dns1.vak.com.ua.,UA,Poltava,9.10.3-P4,,false,1.00,2017-11-26T17:19:44Z,2013-04-23T00:35:50Z
195.66.68.2,tzmo-sa.tzmo.com.pl.,PL,,,,true,0.97,2017-11-26T17:19:44Z,2013-04-23T00:36:12Z
195.69.65.98,hosting.d-v.ru.,RU,,,i/o timeout,,0.34,2017-11-26T17:19:52Z,2013-04-23T00:36:35Z
195.7.64.3,resolv1.pi.se.,SE,Bromma,,,false,0.93,2017-11-26T17:20:00Z,2013-04-23T00:36:45Z
195.96.208.1,,IT,,,i/o timeout,,0.72,2017-11-26T17:19:52Z,2013-04-23T00:37:46Z
203.250.129.214,woonam.paichai.ac.kr.,KR,,NO,,false,0.97,2017-11-26T17:19:46Z,2013-04-23T00:40:23Z
206.124.0.254,ns-4.dimensional.com.,US,Littleton,PowerDNS Recursor 3.6.3 (jenkins@autotest.powerdns.com built 20150423115212 mockbuild@),,false,1.00,2017-11-26T17:19:44Z,2013-04-23T00:40:47Z
206.124.1.254,ns-3.dimensional.com.,US,Littleton,PowerDNS Recursor 3.6.3 (jenkins@autotest.powerdns.com built 20150423115212 mockbuild@),,false,1.00,2017-11-26T17:19:44Z,2013-04-23T00:40:47Z
207.15.68.164,osscdns01.spcsdns.net.,US,,,,false,1.00,2017-11-26T17:19:48Z,2013-04-23T00:41:18Z
207.15.68.36,osscdns02.spcsdns.net.,US,,,,false,1.00,2017-11-26T17:19:48Z,2013-04-23T00:41:21Z
207.164.234.129,mtrlpq02dnsvp1.srvr.bell.ca.,CA,Toronto,,,false,1.00,2017-11-26T17:19:45Z,2013-04-23T00:41:31Z
207.164.234.193,toroon63dnsvp1.srvr.bell.ca.,CA,Toronto,,,false,1.00,2017-11-26T17:19:45Z,2013-04-23T00:41:34Z
207.217.120.83,do-not-use-rns3.earthlink.net.,US,,,,false,1.00,2017-11-26T17:19:47Z,2013-04-23T00:41:41Z